{"repoSenseVersion":"5cd529fb46","reportGeneratedTime":"Tue Feb 20 13:11:51 2024 UTC+08:00","reportGenerationTime":" 6.18 second(s)","zoneId":"UTC+08:00","reportTitle":"RepoSense Report","repos":[{"location":{"location":"https://github.com/nus-cs3203/23s2-cp-spa-team-19.git","repoName":"23s2-cp-spa-team-19","organization":"nus-cs3203","domainName":"github"},"branch":"master","displayName":"nus-cs3203/23s2-cp-spa-team-19[master]","outputFolderName":"nus-cs3203_23s2-cp-spa-team-19_master"}],"errorSet":[],"sinceDate":"2024-01-20","untilDate":"2024-02-20","isSinceDateProvided":false,"isUntilDateProvided":false,"supportedDomainUrlMap":{"NOT_RECOGNIZED":{"BRANCH":"","REPO_URL":"UNSUPPORTED","BASE_URL":"UNSUPPORTED","HISTORY_PATH":"","COMMIT_PATH":"","BLAME_PATH":""},"github":{"BRANCH":"tree/$BRANCH","REPO_URL":"https://github.com/$ORGANIZATION/$REPO_NAME/","BASE_URL":"https://github.com/","HISTORY_PATH":"commits/$BRANCH/$FILE_PATH","COMMIT_PATH":"commit/$COMMIT_HASH","BLAME_PATH":"blame/$BRANCH/$FILE_PATH"}}}
